year,threshold,bunching_ratio,ci_lower,ci_upper,excess_mass,firms_below,firms_above,bunching_change,rolling_mean,rolling_std
2018-19,85000,2.1380791742352163,2.1362074684903605,2.139950879980072,0.6350017214739889,741550,346830,,2.1380791742352163,
2019-20,85000,2.1225199131064447,2.120650483730484,2.1243893424824054,0.6231034629637519,732800,345250,-0.0072772146683188765,2.1302995436708305,0.01100205905440665
2020-21,85000,2.8086166273981825,2.8063394726194186,2.8108937821769464,1.1477656562456688,834440,297100,0.3232463026872576,2.3564052382466145,0.391703814138325
2021-22,85000,2.625997758228321,2.623771477010627,2.628224039446015,1.008115932762834,773120,294410,-0.0650209314394874,2.5190447662443165,0.3553327767195528
2022-23,85000,2.297672904800651,2.295616393662368,2.2997294159389337,0.7570439860240271,705960,307250,-0.12502861146735356,2.5774290968090514,0.2589112938237739
2023-24,90000,2.2217673260841084,2.2197359747259764,2.2237986774422405,0.4811782173894056,678350,305320,-0.033035850559036795,2.3818126630376937,0.21484921399673576
